"_id","Type","CarType","Day","Time","IsSpecial","enter_section","Section"
"6108518f8d8c485acc11b378","Enter Section","Private","Sunday","15:47:51",false,3,3
"6108518f8d8c485acc11b37b","Exit Section","Private","Sunday","15:47:51",false,3,3
"6108518f8d8c485acc11b37a","Exit road","Private","Sunday","15:47:51",false,3,3
"6108518f8d8c485acc11b379","Enter Road","Private","Sunday","15:47:51",false,3,3
"6108518f8d8c485acc11b37c","Exit Section","Private","Monday","1:31:23",false,2,2
"6108518f8d8c485acc11b37d","Enter Road","Private","Monday","1:31:23",false,2,2
"610851908d8c485acc11b37e","Enter Section","Private","Monday","1:31:23",false,2,2
"610851908d8c485acc11b37f","Exit road","Private","Monday","1:31:23",false,2,2
"610851908d8c485acc11b380","Enter Road","Private","Monday","7:30:54",false,5,5
"610851918d8c485acc11b381","Enter Section","Truck","Monday","14:56:10",true,3,4
"610851918d8c485acc11b382","Exit road","Truck","Monday","14:56:10",true,3,4
"610851918d8c485acc11b383","Enter Section","Truck","Monday","14:56:10",true,3,3
"610851918d8c485acc11b384","Enter Road","Truck","Monday","14:56:10",true,3,3
"610851928d8c485acc11b385","Enter Section","Private","Thursday","5:06:00",false,4,4
"610851928d8c485acc11b386","Enter Road","Private","Thursday","5:06:00",false,4,4
"610851938d8c485acc11b387","Enter Section","Private","Wednesday","3:25:07",false,5,5
"610851938d8c485acc11b388","Enter Road","Private","Wednesday","3:25:07",false,5,5
"610851938d8c485acc11b389","Enter Section","Private","Wednesday","3:25:07",false,5,4
"610851b8dc30663f2c923824","Enter Section","Van","Tuesday","3:33:30",true,3,3
"610851b8dc30663f2c923825","Enter Road","Van","Tuesday","3:33:30",true,3,3
"610851b8dc30663f2c923827","Exit Section","Van","Tuesday","3:33:30",true,3,3
"610851b8dc30663f2c923826","Exit road","Van","Tuesday","3:33:30",true,3,3
"610851b9dc30663f2c92382a","Enter Road","Van","Tuesday","22:13:12",true,4,4
"610851b9dc30663f2c923829","Enter Section","Van","Tuesday","22:13:12",true,4,3
"610851b9dc30663f2c923828","Enter Section","Van","Tuesday","22:13:12",true,4,4
"610851b9dc30663f2c92382b","Exit road","Van","Tuesday","22:13:12",true,4,3
"610851badc30663f2c92382c","Exit Section","Truck","Monday","16:42:00",true,3,3
"610851badc30663f2c92382d","Enter Section","Truck","Monday","16:42:00",true,3,3
"610851badc30663f2c92382e","Enter Road","Truck","Monday","16:42:00",true,3,3
"610851badc30663f2c92382f","Exit Section","Van","Tuesday","22:13:12",true,4,3
"610851bbdc30663f2c923830","Enter Section","Truck","Saturday","2:01:22",true,1,1
"610851bbdc30663f2c923831","Enter Road","Truck","Saturday","2:01:22",true,1,1
"610851bcdc30663f2c923832","Enter Road","Truck","Thursday","9:31:33",false,3,3
"610851bcdc30663f2c923833","Exit Section","Truck","Thursday","9:31:33",false,3,3
"610851bcdc30663f2c923834","Enter Section","Truck","Thursday","9:31:33",false,3,3
"610851bddc30663f2c923835","Exit road","Truck","Thursday","9:31:33",false,3,3
"610851bddc30663f2c923836","Enter Road","Truck","Thursday","10:46:11",true,2,2
"610851bddc30663f2c923837","Exit road","Truck","Monday","16:42:00",true,3,3
"610851bedc30663f2c923838","Exit Section","Truck","Saturday","2:01:22",true,1,1
"610851bedc30663f2c923839","Enter Road","Private","Sunday","13:22:33",false,1,1
"610851bfdc30663f2c92383a","Enter Road","Van","Tuesday","3:33:30",true,3,3
"610851bfdc30663f2c92383b","Exit Section","Private","Sunday","13:22:33",false,1,1
"610851bfdc30663f2c92383c","Enter Section","Private","Sunday","13:22:33",false,1,1
"610851c0dc30663f2c92383d","Enter Section","Van","Tuesday","3:33:30",true,3,3
"610851c1dc30663f2c92383e","Enter Road","Private","Sunday","19:28:58",true,4,4
"610851c1dc30663f2c92383f","Enter Section","Private","Sunday","19:28:58",true,4,3
"610851c2dc30663f2c923840","Exit Section","Private","Sunday","19:28:58",true,4,3
"610851c2dc30663f2c923841","Enter Road","Private","Saturday","10:48:47",true,2,2
"610851c2dc30663f2c923842","Enter Road","Private","Friday","5:46:24",false,1,1
"610851c3dc30663f2c923843","Enter Road","Private","Friday","5:46:24",false,1,1
"610851c3dc30663f2c923844","Enter Section","Private","Saturday","10:48:47",true,2,2
"610851c3dc30663f2c923845","Exit road","Private","Saturday","10:48:47",true,2,2
"610851c4dc30663f2c923846","Enter Road","Private","Sunday","11:41:38",true,2,2
"610851c5dc30663f2c923847","Enter Section","Private","Sunday","19:28:58",true,4,4
"610851c5dc30663f2c923848","Exit Section","Private","Sunday","11:41:38",true,2,3
"610851c6dc30663f2c923849","Exit road","Private","Friday","5:46:24",false,1,1
"610851c6dc30663f2c92384a","Enter Section","Private","Saturday","8:08:53",true,3,3
"610851c6dc30663f2c92384b","Enter Section","Truck","Sunday","17:43:31",true,5,5
"610851c7dc30663f2c92384c","Exit road","Truck","Sunday","17:43:31",true,5,5
"610851c7dc30663f2c92384d","Exit Section","Private","Saturday","8:08:53",true,3,3
"610851c7dc30663f2c92384e","Enter Section","Private","Sunday","11:41:38",true,2,2
"610851c7dc30663f2c92384f","Exit road","Private","Saturday","8:08:53",true,3,3
"610851c8dc30663f2c923850","Exit Section","Truck","Thursday","9:31:33",false,3,3
"610851c9dc30663f2c923851","Enter Section","Private","Friday","10:59:59",false,1,1
"610851c9dc30663f2c923852","Exit road","Truck","Saturday","2:01:22",true,1,1
"610851cadc30663f2c923853","Enter Road","Private","Friday","8:43:14",true,5,5
"610851cbdc30663f2c923855","Enter Road","Private","Sunday","19:28:58",true,4,4
"610851cbdc30663f2c923854","Enter Road","Truck","Sunday","17:43:31",true,5,5
"610851cbdc30663f2c923856","Enter Road","Truck","Saturday","21:59:16",false,5,5
"610851cbdc30663f2c923857","Exit Section","Truck","Saturday","21:59:16",false,5,5
"610851cbdc30663f2c923858","Enter Section","Private","Friday","5:46:24",false,1,1
"610851cddc30663f2c923859","Enter Road","Van","Sunday","6:26:02",true,4,4
"610851cddc30663f2c92385a","Exit Section","Van","Sunday","6:26:02",true,4,3
"610851cddc30663f2c92385b","Exit Section","Private","Saturday","10:48:47",true,2,2
"610851cfdc30663f2c92385c","Exit road","Private","Friday","5:46:24",false,1,1
"610851cfdc30663f2c92385d","Enter Section","Private","Sunday","13:22:33",false,1,1
"610851d0dc30663f2c92385e","Enter Section","Van","Sunday","6:26:02",true,4,2
"610851d0dc30663f2c92385f","Enter Road","Private","Sunday","11:41:38",true,2,2
"610851d2dc30663f2c923860","Exit road","Van","Friday","10:50:46",true,5,5
"610851d2dc30663f2c923861","Exit road","Truck","Sunday","1:55:06",false,4,4
"610851d4dc30663f2c923862","Enter Section","Truck","Thursday","10:46:11",true,2,4
"610851d5dc30663f2c923863","Exit Section","Private","Sunday","13:22:33",false,1,1
"610851e0ac2dbc583416cc41","Exit road","Van","Tuesday","16:42:55",false,4,3
"610851e0ac2dbc583416cc42","Exit Section","Van","Tuesday","16:42:55",false,4,3
"610851e0ac2dbc583416cc43","Enter Section","Van","Tuesday","16:42:55",false,4,4
"610851e1ac2dbc583416cc44","Enter Road","Truck","Friday","17:44:05",false,3,3
"610851e1ac2dbc583416cc45","Enter Section","Truck","Friday","17:44:05",false,3,3
"610851e1ac2dbc583416cc46","Enter Section","Van","Tuesday","16:42:55",false,4,3
"610851e2ac2dbc583416cc47","Enter Section","Van","Thursday","21:21:04",false,1,1
"610851e2ac2dbc583416cc48","Exit Section","Van","Thursday","21:21:04",false,1,1
"610851e2ac2dbc583416cc49","Enter Road","Van","Thursday","21:21:04",false,1,1
"610851e2ac2dbc583416cc4a","Exit Section","Truck","Friday","17:44:05",false,3,4
"610851e3ac2dbc583416cc4c","Enter Section","Private","Thursday","23:35:26",true,4,4
"610851e3ac2dbc583416cc4b","Enter Road","Private","Thursday","23:35:26",true,4,4
"610851e3ac2dbc583416cc4d","Exit Section","Private","Thursday","23:35:26",true,4,4
"610851e4ac2dbc583416cc4e","Exit road","Private","Thursday","23:35:26",true,4,4
"610851e5ac2dbc583416cc4f","Enter Road","Van","Tuesday","16:42:55",false,4,4
"610851e5ac2dbc583416cc50","Exit Section","Truck","Friday","17:44:05",false,3,5
"610851e6ac2dbc583416cc51","Enter Road","Van","Thursday","21:49:03",true,5,5
"610851e6ac2dbc583416cc52","Enter Road","Truck","Friday","2:09:02",true,3,3
"610851e6ac2dbc583416cc53","Enter Section","Van","Thursday","21:49:03",true,5,5
"610851e6ac2dbc583416cc54","Exit Section","Van","Tuesday","16:42:55",false,4,3
"610851e7ac2dbc583416cc55","Enter Section","Truck","Friday","2:09:02",true,3,3
"610851e8ac2dbc583416cc56","Enter Road","Truck","Friday","2:09:02",true,3,3
"610851e8ac2dbc583416cc57","Exit Section","Truck","Friday","2:09:02",true,3,3
"610851e8ac2dbc583416cc58","Exit Section","Van","Thursday","21:49:03",true,5,5
"610851e9ac2dbc583416cc59","Enter Section","Truck","Friday","17:44:05",false,3,4
"610851e9ac2dbc583416cc5a","Enter Road","Van","Wednesday","14:30:33",false,4,4
"610851e9ac2dbc583416cc5b","Enter Section","Truck","Tuesday","2:40:28",true,4,3
"610851e9ac2dbc583416cc5c","Enter Road","Truck","Wednesday","15:22:55",false,2,2
"610851eaac2dbc583416cc5d","Enter Road","Truck","Tuesday","2:40:28",true,4,4
"610851eaac2dbc583416cc5e","Enter Section","Truck","Wednesday","15:22:55",false,2,2
"610851ebac2dbc583416cc5f","Enter Section","Van","Wednesday","14:30:33",false,4,4
"610851ebac2dbc583416cc60","Enter Road","Private","Thursday","14:53:35",false,1,1
"610851ebac2dbc583416cc61","Enter Road","Private","Thursday","14:53:35",false,1,1
"610851efac2dbc583416cc62","Enter Road","Truck","Wednesday","14:08:59",true,2,2
"610851efac2dbc583416cc63","Exit Section","Truck","Saturday","2:05:57",true,4,4
"610851f0ac2dbc583416cc64","Enter Road","Private","Tuesday","14:55:24",true,1,1
"610851f1ac2dbc583416cc65","Exit Section","Van","Thursday","21:21:04",false,1,1
"610851f3ac2dbc583416cc66","Enter Section","Truck","Friday","17:44:05",false,3,5
"610851f3ac2dbc583416cc67","Enter Section","Private","Thursday","9:12:46",true,4,4
"610851f3ac2dbc583416cc68","Exit road","Van","Thursday","19:57:18",false,5,5
"610851f4ac2dbc583416cc69","Enter Section","Truck","Saturday","0:10:52",true,1,1
"610852f70e46840c70c94693","Enter Road","Private","Tuesday","6:08:25",true,1,1
"610852f70e46840c70c94694","Enter Section","Private","Tuesday","6:08:25",true,1,1
"610852f70e46840c70c94695","Enter Section","Private","Tuesday","6:08:25",true,1,2
"610852f80e46840c70c94696","Exit Section","Private","Sunday","1:04:06",true,3,3
"610852f80e46840c70c94697","Enter Section","Private","Sunday","1:04:06",true,3,3
"610852f90e46840c70c94698","Exit road","Van","Tuesday","11:19:11",true,2,2
"610852f90e46840c70c94699","Enter Road","Private","Sunday","1:04:06",true,3,3
"610852f90e46840c70c9469b","Exit Section","Van","Tuesday","11:19:11",true,2,2
"610852f90e46840c70c9469a","Enter Road","Van","Tuesday","11:19:11",true,2,2
"610852f90e46840c70c9469c","Enter Section","Van","Tuesday","11:19:11",true,2,2
"610852fa0e46840c70c9469d","Exit Section","Private","Tuesday","5:04:19",false,5,4
"610852fb0e46840c70c9469e","Exit Section","Van","Thursday","10:51:25",false,3,3
"610852fc0e46840c70c9469f","Enter Road","Private","Tuesday","5:04:19",false,5,5
"610852fc0e46840c70c946a0","Enter Section","Private","Tuesday","5:04:19",false,5,4
"610852fc0e46840c70c946a1","Enter Road","Van","Wednesday","6:30:53",true,4,4
"610852fd0e46840c70c946a2","Exit road","Truck","Sunday","8:07:03",true,3,3
"610852fd0e46840c70c946a3","Exit Section","Private","Saturday","8:59:04",false,2,2
"610852fe0e46840c70c946a4","Exit Section","Truck","Sunday","8:07:03",true,3,3
"610852fe0e46840c70c946a5","Enter Section","Van","Wednesday","6:30:53",true,4,4
"610853000e46840c70c946a6","Exit road","Van","Monday","21:26:56",false,5,5
"610853020e46840c70c946a7","Enter Section","Truck","Tuesday","1:55:16",false,3,3
"610853020e46840c70c946a8","Enter Road","Truck","Friday","20:51:38",false,2,2
"610853020e46840c70c946a9","Exit Section","Truck","Saturday","3:45:48",true,3,3
"610853060e46840c70c946aa","Enter Section","Private","Saturday","8:59:04",false,2,2
"610853070e46840c70c946ab","Enter Section","Private","Monday","5:51:33",true,4,4
"610853070e46840c70c946ac","Exit Section","Private","Monday","4:32:12",true,2,1
"610853080e46840c70c946ad","Enter Section","Van","Monday","17:13:51",false,5,5
"610853080e46840c70c946ae","Enter Road","Van","Monday","17:13:51",false,5,5
"610853080e46840c70c946af","Exit Section","Van","Monday","21:26:56",false,5,5
"610853080e46840c70c946b0","Enter Section","Private","Monday","5:51:33",true,4,4
"610853424872f66334e33711","Enter Road","Van","Monday","12:14:32",true,5,5
"610853434872f66334e33712","Enter Section","Truck","Sunday","10:24:17",false,4,4
"610853434872f66334e33713","Exit Section","Truck","Sunday","10:24:17",false,4,4
"610853434872f66334e33714","Enter Section","Truck","Sunday","10:24:17",false,4,4
"610853434872f66334e33715","Exit road","Truck","Wednesday","0:33:21",false,1,1
"610854836e0e4f4da0814b39","Enter Section","Truck","Monday","23:03:06",false,4,4
"610854836e0e4f4da0814b3b","Exit road","Truck","Monday","23:03:06",false,4,4
"610854836e0e4f4da0814b3a","Enter Road","Truck","Monday","23:03:06",false,4,4
"610854836e0e4f4da0814b38","Exit Section","Truck","Monday","23:03:06",false,4,4
"610854846e0e4f4da0814b3c","Enter Section","Van","Wednesday","19:54:46",false,2,2
"610854846e0e4f4da0814b3d","Exit Section","Van","Wednesday","19:54:46",false,2,2
"610854846e0e4f4da0814b3e","Enter Road","Van","Wednesday","19:54:46",false,2,2
"610854856e0e4f4da0814b3f","Enter Road","Truck","Saturday","2:52:07",false,5,5
"610854856e0e4f4da0814b40","Exit road","Van","Wednesday","19:54:46",false,2,2
"610854866e0e4f4da0814b41","Enter Road","Van","Wednesday","5:57:45",true,5,5
"610854866e0e4f4da0814b42","Enter Section","Van","Wednesday","5:57:45",true,5,5
"610854876e0e4f4da0814b43","Enter Road","Van","Sunday","14:52:40",true,3,3
"610854876e0e4f4da0814b44","Exit Section","Van","Wednesday","5:57:45",true,5,5
"610854876e0e4f4da0814b45","Exit road","Van","Wednesday","5:57:45",true,5,5
"610854886e0e4f4da0814b46","Enter Road","Private","Friday","13:58:21",true,4,4
"610854886e0e4f4da0814b47","Enter Section","Private","Friday","13:58:21",true,4,4
"6108548a6e0e4f4da0814b48","Enter Section","Truck","Tuesday","12:00:18",true,5,4
"6108548b6e0e4f4da0814b49","Enter Road","Van","Sunday","18:34:57",true,1,1
"6108548b6e0e4f4da0814b4a","Exit Section","Van","Sunday","18:34:57",true,1,1
"6108548b6e0e4f4da0814b4b","Exit road","Van","Sunday","18:34:57",true,1,1
"6108548b6e0e4f4da0814b4c","Exit Section","Van","Sunday","18:34:57",true,1,1
"6108548c6e0e4f4da0814b4d","Exit road","Truck","Tuesday","12:00:18",true,5,4
"6108548d6e0e4f4da0814b4e","Enter Section","Truck","Tuesday","12:00:18",true,5,5
"6108548d6e0e4f4da0814b4f","Enter Road","Private","Tuesday","10:28:20",true,5,5
"6108548d6e0e4f4da0814b50","Enter Section","Van","Sunday","18:34:57",true,1,1
"6108548f6e0e4f4da0814b51","Exit road","Truck","Thursday","1:52:25",false,4,4
"6108548f6e0e4f4da0814b52","Enter Section","Truck","Wednesday","16:56:02",true,2,1
"610854906e0e4f4da0814b53","Enter Road","Private","Tuesday","16:29:37",true,1,1
"610854906e0e4f4da0814b54","Enter Road","Van","Wednesday","0:03:34",true,1,1
"610854906e0e4f4da0814b55","Enter Road","Truck","Tuesday","12:00:18",true,5,5
"610854916e0e4f4da0814b56","Enter Section","Van","Saturday","0:59:58",false,5,5
"610854916e0e4f4da0814b57","Enter Section","Private","Friday","3:54:53",true,4,4
"610854926e0e4f4da0814b58","Exit road","Van","Wednesday","0:03:34",true,1,1
"610854a935033523c801de07","Enter Road","Private","Wednesday","2:09:36",true,4,4
"610854a935033523c801de08","Enter Section","Private","Wednesday","2:09:36",true,4,4
"610854a935033523c801de09","Exit road","Private","Wednesday","2:09:36",true,4,4
"610854a935033523c801de0a","Exit Section","Private","Wednesday","2:09:36",true,4,4
"610854a935033523c801de0b","Enter Section","Private","Friday","8:57:36",false,2,2
"610854aa35033523c801de0c","Enter Road","Private","Friday","8:57:36",false,2,2
"610854aa35033523c801de0d","Exit Section","Private","Friday","8:57:36",false,2,3
"610854ab35033523c801de0e","Enter Section","Private","Friday","8:57:36",false,2,3
"610854ab35033523c801de0f","Enter Road","Van","Thursday","23:26:31",false,4,4
"610854ab35033523c801de10","Enter Section","Van","Thursday","23:26:31",false,4,4
"610854ab35033523c801de11","Enter Road","Van","Tuesday","18:10:58",true,3,3
"610854ac35033523c801de12","Enter Section","Private","Friday","8:57:36",false,2,4
"610854ad35033523c801de13","Enter Road","Truck","Wednesday","10:49:39",true,5,5
"610854ad35033523c801de14","Enter Road","Private","Tuesday","19:45:59",true,4,4
"610854b035033523c801de15","Enter Section","Private","Thursday","22:39:45",true,2,2
"610854b035033523c801de16","Exit Section","Private","Thursday","22:39:45",true,2,2
"610854b235033523c801de17","Exit road","Private","Thursday","22:39:45",true,2,2
"610854b435033523c801de18","Enter Road","Van","Saturday","12:03:53",true,5,5
"610854b435033523c801de19","Exit Section","Van","Wednesday","15:30:25",true,2,2
"610854c8a3845532dc2cfb0e","Enter Section","Van","Monday","7:53:30",true,5,5
"610854c8a3845532dc2cfb0f","Exit Section","Van","Monday","7:53:30",true,5,5
"610854c8a3845532dc2cfb10","Enter Section","Van","Monday","7:53:30",true,5,5
"610854c8a3845532dc2cfb11","Exit Section","Van","Monday","7:53:30",true,5,4
"610854c8a3845532dc2cfb12","Enter Section","Van","Monday","7:53:30",true,5,4
"610854c9a3845532dc2cfb13","Enter Road","Van","Monday","7:53:30",true,5,5
"610854c9a3845532dc2cfb14","Exit road","Van","Monday","7:53:30",true,5,5
"610854c9a3845532dc2cfb15","Enter Road","Truck","Sunday","19:10:58",false,3,3
"610854c9a3845532dc2cfb16","Enter Section","Van","Thursday","17:53:45",true,4,4
"610854caa3845532dc2cfb17","Enter Section","Truck","Sunday","19:10:58",false,3,4
"610854caa3845532dc2cfb18","Enter Section","Truck","Sunday","19:10:58",false,3,3
"610854caa3845532dc2cfb19","Exit Section","Truck","Sunday","19:10:58",false,3,4
"610854cba3845532dc2cfb1a","Enter Road","Van","Monday","8:03:52",true,3,3
"610854cba3845532dc2cfb1b","Enter Road","Private","Friday","3:30:09",false,1,1
"610854cca3845532dc2cfb1c","Enter Road","Van","Monday","1:57:39",false,5,5
"610854cca3845532dc2cfb1d","Enter Section","Van","Monday","1:57:39",false,5,5
"610854cda3845532dc2cfb1e","Exit Section","Van","Monday","1:57:39",false,5,5
"610854cda3845532dc2cfb1f","Enter Road","Private","Tuesday","7:51:33",false,4,4
"610854d0a3845532dc2cfb20","Enter Road","Private","Sunday","22:56:37",true,4,4
"610854d0a3845532dc2cfb21","Enter Section","Private","Sunday","22:56:37",true,4,4
"610854d1a3845532dc2cfb22","Exit Section","Truck","Sunday","12:48:54",false,3,2
"610854d2a3845532dc2cfb23","Enter Section","Truck","Thursday","9:51:13",true,4,4
"610854d2a3845532dc2cfb24","Exit Section","Private","Saturday","11:45:26",true,2,2
"610854d3a3845532dc2cfb25","Exit road","Private","Tuesday","7:51:33",false,4,4
"610854d5a3845532dc2cfb26","Enter Section","Private","Wednesday","4:03:41",true,5,5
"610854d5a3845532dc2cfb27","Exit Section","Van","Monday","1:57:39",false,5,5
"610854d6a3845532dc2cfb28","Enter Section","Private","Wednesday","22:12:06",false,5,5
"610854d6a3845532dc2cfb29","Enter Road","Private","Wednesday","22:12:06",false,5,5
"610854d7a3845532dc2cfb2a","Exit Section","Private","Sunday","22:56:37",true,4,3
"610854d7a3845532dc2cfb2b","Exit Section","Truck","Thursday","9:51:13",true,4,2
"610854d9a3845532dc2cfb2c","Exit road","Truck","Sunday","12:48:54",false,3,3
"610854d9a3845532dc2cfb2d","Enter Road","Van","Thursday","11:57:32",false,4,4
"610854daa3845532dc2cfb2e","Enter Section","Private","Sunday","22:56:37",true,4,3
"610854daa3845532dc2cfb2f","Enter Road","Private","Friday","3:30:09",false,1,1
"610854daa3845532dc2cfb30","Exit Section","Truck","Thursday","0:32:49",true,3,3
"610854dba3845532dc2cfb31","Enter Section","Private","Sunday","22:44:56",true,3,2
"610854dca3845532dc2cfb32","Enter Road","Truck","Thursday","9:51:13",true,4,4
"610854dca3845532dc2cfb33","Exit Section","Truck","Thursday","9:51:13",true,4,3
"610854dda3845532dc2cfb34","Exit road","Truck","Wednesday","3:30:26",false,3,3
"610854dea3845532dc2cfb35","Enter Section","Van","Thursday","17:53:45",true,4,3
"610854dfa3845532dc2cfb36","Enter Section","Private","Sunday","22:44:56",true,3,3
"610854e0a3845532dc2cfb37","Enter Road","Private","Tuesday","9:57:25",false,5,5
"610854e0a3845532dc2cfb38","Enter Section","Van","Friday","0:53:26",false,5,5
"610854e0a3845532dc2cfb39","Exit Section","Truck","Sunday","19:10:58",false,3,4
"610854e1a3845532dc2cfb3a","Exit road","Van","Thursday","11:57:32",false,4,3
"610854e1a3845532dc2cfb3b","Exit road","Truck","Tuesday","13:03:02",true,4,4
"6108551e74659843b85ce77d","Enter Section","Truck","Wednesday","8:07:39",true,3,3
"6108551e74659843b85ce77e","Exit road","Truck","Wednesday","8:07:39",true,3,3
"6108551e74659843b85ce77f","Exit Section","Truck","Wednesday","8:07:39",true,3,3
"6108551e74659843b85ce780","Enter Road","Truck","Wednesday","8:07:39",true,3,3
"6108551e74659843b85ce781","Enter Road","Van","Saturday","16:11:26",true,3,3
"6108551e74659843b85ce782","Exit Section","Van","Saturday","16:11:26",true,3,3
"6108551e74659843b85ce783","Enter Section","Van","Saturday","16:11:26",true,3,3
"6108552074659843b85ce784","Enter Section","Van","Saturday","6:53:26",true,1,1
"6108552074659843b85ce785","Enter Road","Van","Saturday","6:53:26",true,1,1
"6108552074659843b85ce786","Exit Section","Van","Monday","16:21:35",false,4,5
"6108552174659843b85ce787","Enter Road","Van","Wednesday","18:04:04",true,1,1
"6108552274659843b85ce788","Enter Road","Van","Thursday","15:56:43",true,4,4
"6108552274659843b85ce789","Exit Section","Van","Wednesday","18:04:04",true,1,2
"6108552274659843b85ce78a","Enter Section","Van","Wednesday","18:04:04",true,1,2
"6108552474659843b85ce78b","Enter Section","Private","Friday","8:43:06",false,1,1
"6108552574659843b85ce78c","Enter Road","Van","Thursday","4:42:14",false,2,2
"6108552674659843b85ce78d","Exit Section","Van","Saturday","16:07:01",false,3,2
"6108552774659843b85ce78e","Enter Road","Van","Thursday","4:42:14",false,2,2
"6108552774659843b85ce78f","Enter Road","Van","Friday","19:55:29",true,5,5
"6108552774659843b85ce790","Exit road","Van","Friday","19:55:29",true,5,5
"6108552a74659843b85ce791","Enter Section","Van","Sunday","19:57:53",false,5,5
"6108552b74659843b85ce792","Enter Section","Van","Wednesday","18:04:04",true,1,1
"61085533c1fcde58b08cf959","Enter Road","Truck","Friday","22:45:00",false,2,2
"61085533c1fcde58b08cf95a","Enter Section","Truck","Friday","22:45:00",false,2,2
"61085534c1fcde58b08cf95b","Exit road","Truck","Friday","22:45:00",false,2,1
"61085534c1fcde58b08cf95c","Enter Section","Truck","Friday","22:45:00",false,2,1
"61085534c1fcde58b08cf95d","Exit Section","Truck","Friday","22:45:00",false,2,1
"61085534c1fcde58b08cf95e","Enter Road","Private","Friday","5:11:53",false,5,5
"61085536c1fcde58b08cf95f","Enter Section","Van","Sunday","3:58:33",false,1,1
"61085536c1fcde58b08cf960","Enter Road","Van","Sunday","3:58:33",false,1,1
"61085537c1fcde58b08cf961","Exit Section","Van","Sunday","3:58:33",false,1,1
"61085537c1fcde58b08cf962","Exit Section","Truck","Thursday","10:02:03",true,1,2
"61085538c1fcde58b08cf963","Exit road","Van","Wednesday","20:21:58",true,5,5
"61085539c1fcde58b08cf964","Exit Section","Truck","Monday","18:48:10",true,4,5
"61085539c1fcde58b08cf965","Exit road","Van","Sunday","3:58:33",false,1,1
"6108553ac1fcde58b08cf966","Enter Road","Van","Thursday","13:02:37",true,2,2
"6108553ac1fcde58b08cf967","Enter Road","Van","Monday","6:31:10",true,5,5
"6108553bc1fcde58b08cf968","Enter Road","Van","Thursday","13:02:37",true,2,2
"6108553cc1fcde58b08cf969","Enter Road","Truck","Friday","21:57:29",true,4,4
"6108553cc1fcde58b08cf96a","Exit road","Van","Thursday","13:02:37",true,2,1
"610855433c93d4612cb86a36","Exit road","Private","Thursday","3:54:21",false,4,4
"610855433c93d4612cb86a37","Enter Section","Private","Thursday","3:54:21",false,4,4
"610855433c93d4612cb86a38","Exit Section","Private","Thursday","3:54:21",false,4,4
"610855443c93d4612cb86a39","Exit road","Truck","Sunday","9:20:13",false,5,5
"610855443c93d4612cb86a3a","Enter Section","Truck","Sunday","9:20:13",false,5,5
"610855443c93d4612cb86a3b","Enter Road","Private","Thursday","3:54:21",false,4,4
"610855453c93d4612cb86a3c","Enter Road","Van","Tuesday","10:39:04",false,2,2
"610855453c93d4612cb86a3d","Enter Section","Van","Tuesday","10:39:04",false,2,2
"610855463c93d4612cb86a3e","Exit road","Van","Tuesday","10:39:04",false,2,2
"610855463c93d4612cb86a3f","Exit Section","Van","Tuesday","10:39:04",false,2,2
"610855473c93d4612cb86a40","Enter Road","Truck","Monday","21:23:53",false,2,2
"610855483c93d4612cb86a41","Enter Section","Private","Friday","18:06:23",true,4,4
"610855483c93d4612cb86a42","Enter Section","Truck","Sunday","9:38:57",false,1,1
"610855493c93d4612cb86a43","Exit road","Private","Thursday","3:54:21",false,4,4
"610855493c93d4612cb86a44","Enter Road","Van","Sunday","23:53:09",false,2,2
"610855493c93d4612cb86a45","Enter Road","Truck","Sunday","9:38:57",false,1,1
"6108554a3c93d4612cb86a46","Enter Section","Van","Sunday","23:53:09",false,2,2
"6108554b3c93d4612cb86a47","Exit Section","Van","Sunday","23:53:09",false,2,2
"6108554c3c93d4612cb86a48","Enter Road","Van","Friday","1:11:14",true,3,3
"6108554d3c93d4612cb86a49","Exit Section","Truck","Monday","21:23:53",false,2,3
"6108554f3c93d4612cb86a4a","Enter Section","Private","Thursday","22:22:15",false,2,2
"6108554f3c93d4612cb86a4b","Exit Section","Truck","Wednesday","3:44:31",true,2,2
"610855503c93d4612cb86a4c","Exit road","Truck","Saturday","5:57:47",false,1,1
"610855503c93d4612cb86a4d","Exit road","Truck","Sunday","9:38:57",false,1,1
"610855523c93d4612cb86a4e","Exit road","Van","Friday","1:11:14",true,3,3
"610855523c93d4612cb86a4f","Enter Section","Truck","Monday","21:23:53",false,2,2
"610855533c93d4612cb86a50","Enter Section","Truck","Wednesday","4:01:02",false,2,2
"610855543c93d4612cb86a51","Enter Road","Private","Thursday","22:22:15",false,2,2
"610855563c93d4612cb86a52","Enter Section","Van","Friday","1:11:14",true,3,3
"610855563c93d4612cb86a53","Exit road","Van","Sunday","23:53:09",false,2,2
"610855583c93d4612cb86a54","Exit Section","Van","Friday","1:11:14",true,3,3
"6108558b3367e140c4cf3203","Enter Section","Truck","Thursday","9:55:35",true,2,2
"6108558b3367e140c4cf3204","Enter Section","Truck","Thursday","9:55:35",true,2,3
"6108558b3367e140c4cf3205","Enter Section","Truck","Thursday","9:55:35",true,2,4
"6108558d3367e140c4cf3206","Exit Section","Truck","Thursday","9:55:35",true,2,3
"6108558d3367e140c4cf3207","Enter Section","Private","Thursday","1:19:34",false,4,4
"6108558d3367e140c4cf3208","Enter Road","Private","Thursday","1:19:34",false,4,4
"6108558e3367e140c4cf3209","Enter Section","Truck","Thursday","9:55:35",true,2,3
"6108558e3367e140c4cf320a","Exit Section","Truck","Thursday","9:55:35",true,2,3
"610855913367e140c4cf320b","Enter Section","Private","Monday","7:34:36",false,2,2
"610855913367e140c4cf320c","Enter Road","Private","Monday","7:34:36",false,2,2
"610855bb079fac391033aaad","Exit road","Truck","Wednesday","7:48:47",false,2,2
"610855bb079fac391033aaae","Enter Section","Truck","Wednesday","7:48:47",false,2,2
"610855bb079fac391033aaaf","Enter Road","Truck","Wednesday","7:48:47",false,2,2
"610855bb079fac391033aab0","Exit Section","Truck","Wednesday","7:48:47",false,2,2
"610855bc079fac391033aab1","Enter Road","Private","Sunday","11:58:08",true,2,2
"610855bc079fac391033aab2","Enter Section","Private","Sunday","11:58:08",true,2,2
"610855bc079fac391033aab3","Enter Section","Private","Sunday","11:58:08",true,2,1
"610855bd079fac391033aab4","Enter Road","Truck","Tuesday","22:01:08",true,5,5
"610855bd079fac391033aab5","Enter Section","Truck","Tuesday","22:01:08",true,5,5
"610855be079fac391033aab6","Enter Road","Private","Friday","19:52:59",true,5,5
"610855be079fac391033aab7","Exit Section","Truck","Tuesday","22:01:08",true,5,5
"610855bf079fac391033aab8","Enter Road","Van","Saturday","15:28:27",true,1,1
"610855bf079fac391033aab9","Exit Section","Private","Sunday","11:58:08",true,2,1
"610855c0079fac391033aaba","Exit road","Truck","Tuesday","22:01:08",true,5,5
"610855c0079fac391033aabb","Enter Road","Truck","Tuesday","8:18:05",false,2,2
"610855c0079fac391033aabc","Exit road","Van","Saturday","15:28:27",true,1,1
"610855c1079fac391033aabd","Enter Section","Truck","Tuesday","8:32:16",false,1,1
"610855c1079fac391033aabe","Enter Road","Truck","Tuesday","8:32:16",false,1,1
"610855c2079fac391033aabf","Enter Section","Truck","Tuesday","8:32:16",false,1,2
"610855c2079fac391033aac0","Exit Section","Truck","Thursday","14:36:03",true,1,1
"610855c3079fac391033aac1","Enter Road","Truck","Thursday","2:54:01",false,4,4
"610855c3079fac391033aac2","Exit road","Private","Sunday","11:58:08",true,2,1
"610855c4079fac391033aac3","Exit road","Truck","Tuesday","8:32:16",false,1,2
"610855c4079fac391033aac4","Enter Road","Truck","Monday","7:34:32",false,1,1
"610855c4079fac391033aac5","Enter Section","Truck","Monday","7:34:32",false,1,1
"610855c5079fac391033aac6","Exit road","Private","Friday","19:52:59",true,5,5
"610856010c27d1510c3e4418","Enter Road","Private","Sunday","14:20:37",false,2,2
"610856010c27d1510c3e4419","Enter Section","Private","Sunday","14:20:37",false,2,2
"610856010c27d1510c3e441a","Exit road","Private","Sunday","14:20:37",false,2,2
"610856010c27d1510c3e441b","Exit Section","Private","Sunday","14:20:37",false,2,2
"610856020c27d1510c3e441c","Enter Road","Private","Friday","22:20:14",true,5,5
"610856020c27d1510c3e441d","Enter Section","Private","Friday","22:20:14",true,5,5
"610856020c27d1510c3e441e","Exit Section","Private","Friday","22:20:14",true,5,4
"610856030c27d1510c3e441f","Enter Road","Truck","Monday","11:25:20",true,2,2
"610856030c27d1510c3e4420","Exit road","Truck","Monday","11:25:20",true,2,2
"610856030c27d1510c3e4421","Enter Section","Truck","Monday","11:25:20",true,2,2
"610856040c27d1510c3e4422","Enter Road","Private","Wednesday","10:51:08",true,1,1
"610856040c27d1510c3e4423","Enter Section","Private","Wednesday","10:51:08",true,1,1
"610856050c27d1510c3e4424","Enter Road","Private","Monday","1:22:20",true,2,2
"610856050c27d1510c3e4425","Enter Road","Truck","Monday","5:54:42",true,3,3
"610856050c27d1510c3e4426","Exit road","Private","Wednesday","10:51:08",true,1,1
"610856060c27d1510c3e4427","Enter Road","Truck","Saturday","10:40:30",true,2,2
"610856070c27d1510c3e4428","Enter Section","Private","Friday","22:20:14",true,5,4
"6108563ceb193f074ca1d42b","Enter Section","Private","Monday","6:15:57",false,2,2
"6108563ceb193f074ca1d42c","Enter Road","Private","Monday","6:15:57",false,2,2
"6108563ceb193f074ca1d42d","Exit Section","Private","Monday","6:15:57",false,2,2
"6108563ceb193f074ca1d42e","Exit road","Private","Monday","6:15:57",false,2,2
"6108563deb193f074ca1d42f","Enter Road","Truck","Tuesday","10:27:47",false,1,1
"6108563deb193f074ca1d430","Enter Section","Truck","Tuesday","10:27:47",false,1,1
"6108563deb193f074ca1d431","Enter Section","Truck","Tuesday","10:27:47",false,1,2
"6108563eeb193f074ca1d432","Enter Road","Van","Thursday","20:32:21",false,2,2
"6108563feb193f074ca1d433","Enter Road","Van","Friday","9:48:59",true,5,5
"6108563feb193f074ca1d434","Exit Section","Van","Thursday","20:32:21",false,2,3
"61085640eb193f074ca1d435","Exit Section","Van","Friday","9:48:59",true,5,5
"61085640eb193f074ca1d436","Exit road","Van","Friday","9:48:59",true,5,5
"61085640eb193f074ca1d437","Exit Section","Truck","Tuesday","10:27:47",false,1,2
"61085641eb193f074ca1d438","Enter Road","Truck","Thursday","0:38:43",true,4,4
"61085641eb193f074ca1d439","Enter Road","Private","Sunday","13:38:59",true,4,4
"61085641eb193f074ca1d43a","Enter Section","Truck","Thursday","0:38:43",true,4,4
"61085642eb193f074ca1d43b","Enter Section","Private","Sunday","13:38:59",true,4,4
"61085642eb193f074ca1d43c","Enter Section","Truck","Monday","19:35:47",true,4,4
"61085643eb193f074ca1d43d","Exit Section","Truck","Thursday","0:38:43",true,4,4
"61085643eb193f074ca1d43e","Exit road","Private","Sunday","0:12:48",false,5,5
"61085644eb193f074ca1d43f","Enter Section","Truck","Thursday","7:21:49",false,4,4
"61085646eb193f074ca1d440","Enter Section","Private","Monday","9:21:11",true,4,2
"61085647eb193f074ca1d441","Enter Road","Truck","Monday","19:35:47",true,4,4
"61085647eb193f074ca1d442","Exit road","Truck","Thursday","7:21:49",false,4,4
"61085649eb193f074ca1d443","Exit Section","Private","Monday","3:15:47",true,1,1
"6108564beb193f074ca1d444","Exit road","Truck","Thursday","15:11:41",false,2,2
"6108564beb193f074ca1d445","Exit Section","Van","Saturday","1:40:12",false,2,2
"6108564ceb193f074ca1d446","Exit road","Van","Wednesday","14:40:03",false,2,2
"6108564ceb193f074ca1d447","Enter Section","Van","Thursday","20:32:21",false,2,2
"6108564ceb193f074ca1d448","Enter Section","Truck","Thursday","14:36:03",true,1,1
"6108564deb193f074ca1d449","Enter Section","Truck","Monday","19:35:47",true,4,3
"6108564deb193f074ca1d44a","Exit road","Van","Saturday","1:40:12",false,2,2
"6108564feb193f074ca1d44b","Enter Section","Truck","Thursday","15:11:41",false,2,2
"61085651eb193f074ca1d44c","Enter Road","Private","Monday","9:21:11",true,4,4
"61085651eb193f074ca1d44d","Enter Road","Truck","Sunday","8:34:41",false,5,5
"61085653eb193f074ca1d44e","Enter Road","Private","Thursday","20:01:04",true,5,5
"61085654eb193f074ca1d44f","Enter Section","Van","Thursday","20:32:21",false,2,3
"61085654eb193f074ca1d450","Enter Road","Van","Saturday","1:40:12",false,2,2
"61085655eb193f074ca1d451","Exit Section","Truck","Thursday","15:11:41",false,2,2
"61085655eb193f074ca1d452","Exit Section","Van","Thursday","20:32:21",false,2,4
"61085656eb193f074ca1d453","Enter Section","Van","Thursday","20:32:21",false,2,3
"61085656eb193f074ca1d454","Enter Section","Truck","Saturday","3:09:37",true,3,3
"610856dcfa97ad10189913ac","Exit Section","Private","Saturday","12:00:35",false,1,1
"610856dffa97ad10189913ad","Exit Section","Private","Wednesday","11:06:20",true,2,2
"610856dffa97ad10189913ae","Exit road","Private","Wednesday","11:06:20",true,2,2
"610856e0fa97ad10189913af","Enter Section","Private","Thursday","11:10:16",true,5,5
"610856e1fa97ad10189913b0","Exit road","Private","Thursday","11:10:16",true,5,5
"610856e1fa97ad10189913b1","Exit road","Private","Saturday","12:00:35",false,1,1
"610856e2fa97ad10189913b2","Exit road","Truck","Tuesday","7:06:48",false,4,4
"610856e2fa97ad10189913b3","Exit Section","Private","Thursday","11:10:16",true,5,5
"610856e4fa97ad10189913b4","Enter Section","Truck","Sunday","19:06:55",false,4,3
"610856e8fa97ad10189913b5","Enter Road","Truck","Monday","13:01:13",false,4,4
"610856e9fa97ad10189913b6","Enter Section","Truck","Tuesday","7:06:48",false,4,4
"610856eafa97ad10189913b7","Enter Section","Private","Thursday","11:10:16",true,5,5
"610856ecfa97ad10189913b8","Enter Section","Private","Sunday","6:24:23",false,4,3
"610856ecfa97ad10189913b9","Enter Road","Van","Friday","13:11:29",true,3,3
"610856edfa97ad10189913ba","Enter Road","Van","Saturday","6:13:27",false,4,4
"610856eefa97ad10189913bb","Exit road","Private","Monday","16:22:28",false,1,1
"610856effa97ad10189913bc","Enter Section","Truck","Monday","13:01:13",false,4,4
"610856f0fa97ad10189913bd","Exit road","Truck","Saturday","14:56:24",true,5,4
"610856f0fa97ad10189913be","Exit Section","Van","Friday","13:11:29",true,3,3
"610856f0fa97ad10189913bf","Exit road","Truck","Saturday","14:56:24",true,5,4
"6108571d75fb1e638cb3e07d","Enter Section","Van","Wednesday","21:20:05",true,3,3
"6108571d75fb1e638cb3e07e","Enter Section","Truck","Saturday","18:32:00",false,1,1
"6108571e75fb1e638cb3e07f","Exit road","Private","Wednesday","7:10:54",true,5,5
"6108571e75fb1e638cb3e080","Enter Section","Private","Wednesday","7:10:54",true,5,5
"6108571f75fb1e638cb3e081","Enter Road","Truck","Thursday","23:25:25",true,4,4
"6108571f75fb1e638cb3e082","Enter Section","Truck","Thursday","23:25:25",true,4,4
"6108571f75fb1e638cb3e083","Exit Section","Truck","Thursday","23:25:25",true,4,5
"6108571f75fb1e638cb3e084","Enter Section","Truck","Thursday","23:25:25",true,4,5
"6108572275fb1e638cb3e085","Exit road","Truck","Sunday","15:31:15",false,2,2
"6108572275fb1e638cb3e086","Enter Section","Truck","Thursday","23:25:25",true,4,4
"6108572375fb1e638cb3e087","Exit road","Van","Thursday","13:10:02",true,1,1
"6108572475fb1e638cb3e088","Exit road","Van","Tuesday","12:10:51",false,1,1
"6108572575fb1e638cb3e089","Enter Road","Truck","Sunday","15:31:15",false,2,2
"610857361dddab55aca50001","Exit Section","Private","Thursday","13:12:53",false,3,1
"610857371dddab55aca50002","Enter Section","Van","Monday","19:17:12",true,1,1
"610857381dddab55aca50003","Enter Section","Van","Monday","12:43:23",false,2,2
"610857381dddab55aca50004","Exit Section","Van","Monday","12:43:23",false,2,2
"6108573a1dddab55aca50005","Enter Section","Private","Sunday","8:24:16",false,3,2
"6108573a1dddab55aca50006","Exit Section","Private","Sunday","8:24:16",false,3,3
"6108573a1dddab55aca50007","Enter Section","Private","Sunday","8:24:16",false,3,2
"6108573a1dddab55aca50008","Exit road","Private","Sunday","8:24:16",false,3,2
"6108573c1dddab55aca50009","Exit Section","Private","Thursday","13:12:53",false,3,2
"6108573c1dddab55aca5000a","Enter Road","Van","Friday","12:48:30",true,3,3
"6108573d1dddab55aca5000c","Exit road","Van","Monday","19:17:12",true,1,1
"6108573d1dddab55aca5000b","Enter Road","Truck","Sunday","10:37:54",true,5,5
"6108573f1dddab55aca5000d","Enter Road","Van","Monday","12:43:23",false,2,2
"6108573f1dddab55aca5000e","Enter Road","Van","Tuesday","1:33:00",true,4,4
"61085763664241536c44e9b4","Enter Road","Private","Sunday","18:52:45",false,5,5
"61085763664241536c44e9b5","Exit Section","Private","Sunday","18:52:45",false,5,5
"61085764664241536c44e9b6","Exit road","Private","Sunday","18:52:45",false,5,5
"61085764664241536c44e9b7","Enter Section","Private","Sunday","18:52:45",false,5,5
"61085764664241536c44e9b8","Enter Road","Truck","Monday","23:47:24",false,5,5
"61085764664241536c44e9b9","Enter Section","Truck","Monday","23:47:24",false,5,5
"61085764664241536c44e9ba","Exit Section","Truck","Monday","23:47:24",false,5,5
"61085765664241536c44e9bb","Exit road","Truck","Monday","23:47:24",false,5,5
"61085765664241536c44e9bc","Enter Road","Private","Monday","5:29:46",false,4,4
"61085766664241536c44e9bd","Enter Road","Truck","Saturday","23:57:48",true,5,5
"61085766664241536c44e9be","Exit Section","Truck","Saturday","23:57:48",true,5,5
"61085766664241536c44e9bf","Enter Section","Truck","Saturday","23:57:48",true,5,5
"61085767664241536c44e9c0","Enter Section","Private","Wednesday","14:12:03",true,1,1
"61085767664241536c44e9c1","Enter Road","Private","Wednesday","14:12:03",true,1,1
"61085768664241536c44e9c2","Exit road","Private","Wednesday","14:12:03",true,1,1
"61085769664241536c44e9c3","Exit road","Truck","Saturday","23:57:48",true,5,5
"61085769664241536c44e9c4","Enter Road","Van","Friday","17:40:15",true,5,5
"6108576a664241536c44e9c5","Enter Section","Van","Monday","23:13:34",false,2,2
"6108576b664241536c44e9c6","Enter Road","Private","Tuesday","12:11:35",false,5,5
"6108576b664241536c44e9c7","Exit Section","Van","Monday","23:13:34",false,2,1
"6108576c664241536c44e9c8","Enter Road","Van","Thursday","11:23:59",false,5,5
"61085770664241536c44e9c9","Enter Road","Van","Thursday","21:01:13",false,5,5
"6108580bac328c6118b2efc7","Enter Section","Van","Thursday","12:56:17",false,1,1
"6108580bac328c6118b2efc8","Enter Road","Van","Thursday","12:56:17",false,1,1
"6108580bac328c6118b2efc9","Enter Section","Van","Thursday","12:56:17",false,1,2
"6108580bac328c6118b2efca","Exit Section","Van","Thursday","12:56:17",false,1,2
"6108580cac328c6118b2efcb","Exit Section","Van","Thursday","12:56:17",false,1,1
"6108580cac328c6118b2efcc","Enter Section","Van","Thursday","12:56:17",false,1,1
"6108580eac328c6118b2efcd","Enter Road","Private","Friday","8:36:24",false,2,2
"6108580eac328c6118b2efce","Enter Road","Van","Tuesday","8:35:22",false,1,1
"6108580fac328c6118b2efcf","Exit Section","Van","Thursday","12:56:17",false,1,2
"6108580fac328c6118b2efd0","Enter Road","Truck","Saturday","8:01:29",false,3,3
"61085810ac328c6118b2efd1","Enter Section","Private","Friday","8:36:24",false,2,2
"61085810ac328c6118b2efd2","Enter Section","Truck","Saturday","8:01:29",false,3,3
"61085810ac328c6118b2efd3","Enter Section","Private","Friday","8:36:24",false,2,1
"61085811ac328c6118b2efd4","Exit Section","Truck","Saturday","8:01:29",false,3,2
"61085811ac328c6118b2efd5","Enter Section","Truck","Saturday","8:01:29",false,3,2
"61085860fdaad05040855720","Exit road","Truck","Tuesday","21:37:07",true,5,5
"61085860fdaad05040855721","Exit Section","Truck","Tuesday","21:37:07",true,5,5
"61085860fdaad05040855722","Exit Section","Van","Thursday","4:55:32",true,1,1
"61085860fdaad05040855723","Exit road","Van","Thursday","4:55:32",true,1,1
"61085861fdaad05040855724","Enter Section","Truck","Monday","4:46:34",true,2,2
"61085862fdaad05040855725","Enter Section","Van","Sunday","6:00:51",false,1,1
"61085863fdaad05040855726","Enter Road","Truck","Sunday","19:49:46",true,1,1
"61085863fdaad05040855727","Enter Section","Truck","Sunday","19:49:46",true,1,2
"61085863fdaad05040855728","Enter Section","Truck","Sunday","19:49:46",true,1,1
"61085864fdaad05040855729","Enter Section","Truck","Sunday","19:49:46",true,1,1
"61085865fdaad0504085572a","Enter Section","Van","Thursday","12:56:17",false,1,1
"61085865fdaad0504085572b","Exit Section","Truck","Saturday","1:41:29",false,3,3
"61085891311cca0ce402cab3","Enter Road","Van","Friday","22:04:43",true,2,2
"61085891311cca0ce402cab4","Exit road","Van","Friday","22:04:43",true,2,2
"61085891311cca0ce402cab5","Exit Section","Van","Friday","22:04:43",true,2,2
"61085892311cca0ce402cab6","Enter Section","Van","Friday","22:04:43",true,2,2
"61085892311cca0ce402cab7","Enter Road","Truck","Wednesday","5:17:36",false,1,1
"61085892311cca0ce402cab8","Enter Section","Truck","Wednesday","5:17:36",false,1,1
"61085892311cca0ce402cab9","Exit Section","Truck","Wednesday","5:17:36",false,1,1
"61085893311cca0ce402caba","Enter Section","Truck","Saturday","18:04:39",false,2,2
"61085894311cca0ce402cabb","Enter Road","Truck","Saturday","18:04:39",false,2,2
"61085894311cca0ce402cabc","Enter Section","Van","Friday","2:45:39",true,4,4
"61085894311cca0ce402cabd","Enter Road","Van","Friday","2:45:39",true,4,4
"61085895311cca0ce402cabe","Enter Road","Van","Saturday","19:48:59",false,5,5
"61085895311cca0ce402cabf","Enter Section","Van","Saturday","19:48:59",false,5,5
"61085896311cca0ce402cac0","Exit Section","Van","Saturday","19:48:59",false,5,5
"61085896311cca0ce402cac1","Exit Section","Truck","Saturday","18:04:39",false,2,2
"61085897311cca0ce402cac2","Enter Road","Truck","Friday","8:49:21",false,5,5
"61085897311cca0ce402cac3","Enter Section","Truck","Friday","8:49:21",false,5,5
"61085898311cca0ce402cac4","Exit Section","Van","Tuesday","5:50:12",false,4,4
"61085899311cca0ce402cac5","Enter Road","Private","Friday","20:49:00",true,5,5
"6108589a311cca0ce402cac6","Enter Section","Van","Friday","21:13:20",true,5,4
"6108589b311cca0ce402cac7","Enter Section","Truck","Friday","11:02:38",false,3,3
"6108589b311cca0ce402cac8","Enter Road","Truck","Wednesday","5:17:36",false,1,1
"6108589c311cca0ce402cac9","Enter Section","Van","Tuesday","20:58:09",true,2,2
"6108589c311cca0ce402caca","Enter Section","Van","Tuesday","5:50:12",false,4,4
"6108589c311cca0ce402cacb","Exit road","Van","Tuesday","5:50:12",false,4,4
"6108589c311cca0ce402cacc","Enter Road","Van","Tuesday","5:50:12",false,4,4
"6108589d311cca0ce402cacd","Enter Section","Truck","Monday","17:25:20",true,5,3
"6108589e311cca0ce402cace","Enter Section","Truck","Monday","17:25:20",true,5,4
"6108589f311cca0ce402cacf","Enter Section","Truck","Wednesday","19:00:58",true,2,2
"610858a1311cca0ce402cad0","Enter Road","Private","Saturday","2:34:15",true,1,1
"610858a1311cca0ce402cad1","Enter Road","Van","Friday","21:13:20",true,5,5
"610858a3311cca0ce402cad2","Enter Section","Van","Saturday","19:48:59",false,5,5
"610858a4311cca0ce402cad3","Enter Section","Van","Thursday","8:41:22",false,1,2
"61085a595c29d420181c85cd","Enter Section","Van","Sunday","12:28:12",false,4,4
"61085a595c29d420181c85ce","Enter Road","Van","Sunday","12:28:12",false,4,4
"61085a595c29d420181c85cf","Exit Section","Van","Sunday","12:28:12",false,4,4
"61085a595c29d420181c85d0","Exit road","Van","Sunday","12:28:12",false,4,4
"61085a595c29d420181c85d1","Enter Road","Truck","Monday","5:08:30",true,3,3
"61085a5a5c29d420181c85d2","Enter Section","Truck","Monday","5:08:30",true,3,3
"61085a5a5c29d420181c85d3","Enter Section","Truck","Monday","5:08:30",true,3,4
"61085a5a5c29d420181c85d4","Exit Section","Truck","Monday","5:08:30",true,3,4
"61085a5a5c29d420181c85d5","Exit road","Truck","Monday","5:08:30",true,3,4
"61085a5b5c29d420181c85d6","Enter Section","Van","Friday","14:35:14",true,1,1
"61085a5b5c29d420181c85d7","Enter Road","Van","Friday","14:35:14",true,1,1
"61085a5b5c29d420181c85d8","Enter Road","Private","Thursday","16:08:20",false,2,2
"61085a5c5c29d420181c85d9","Enter Section","Private","Thursday","8:35:50",true,5,5
"61085a5c5c29d420181c85da","Enter Road","Private","Thursday","8:35:50",true,5,5
"61085a5d5c29d420181c85db","Enter Road","Private","Tuesday","11:52:56",false,5,5
"61085a5d5c29d420181c85dc","Enter Section","Private","Thursday","8:35:50",true,5,4
"61085a5d5c29d420181c85dd","Enter Section","Private","Tuesday","11:52:56",false,5,5
"61085a5e5c29d420181c85de","Enter Road","Van","Friday","20:05:08",true,2,2
"61085a5e5c29d420181c85df","Exit road","Private","Tuesday","11:52:56",false,5,5
"61085a5f5c29d420181c85e0","Enter Road","Van","Thursday","17:24:23",true,2,2
"61085a615c29d420181c85e1","Enter Road","Truck","Thursday","11:44:01",false,4,4
"61085a615c29d420181c85e2","Enter Section","Truck","Thursday","11:44:01",false,4,4
"61085a625c29d420181c85e3","Enter Section","Private","Friday","22:08:20",true,4,4
"61085a625c29d420181c85e4","Exit road","Truck","Thursday","11:44:01",false,4,4
"61085a635c29d420181c85e5","Enter Section","Truck","Friday","23:06:33",true,1,1
"61085a645c29d420181c85e6","Enter Section","Private","Thursday","22:46:20",false,5,5
"61085a645c29d420181c85e7","Exit Section","Van","Thursday","17:24:23",true,2,2
"61085a645c29d420181c85e8","Enter Section","Truck","Thursday","11:44:01",false,4,4
"61085a655c29d420181c85e9","Exit road","Private","Friday","22:08:20",true,4,4
"61085a675c29d420181c85ea","Enter Road","Van","Friday","14:35:14",true,1,1
"61085a695c29d420181c85eb","Exit Section","Van","Wednesday","17:43:58",false,2,2
"61085a695c29d420181c85ec","Enter Section","Van","Thursday","8:41:22",false,1,2
"61085a6a5c29d420181c85ed","Enter Section","Van","Thursday","17:24:23",true,2,2
"61085a6b5c29d420181c85ee","Enter Road","Private","Thursday","8:35:50",true,5,5
"61085a6b5c29d420181c85ef","Exit road","Private","Monday","12:53:25",true,2,2
"61085a6b5c29d420181c85f0","Exit road","Private","Thursday","22:46:20",false,5,3
"61085a6c5c29d420181c85f1","Exit Section","Truck","Thursday","11:44:01",false,4,4
"61085a6d5c29d420181c85f2","Enter Road","Truck","Friday","23:06:33",true,1,1
"61085a6e5c29d420181c85f3","Exit road","Truck","Tuesday","1:55:23",true,1,1
"61085aa6c39f8529601a614e","Enter Section","Van","Saturday","18:16:41",false,3,2
"61085aa6c39f8529601a614f","Enter Section","Van","Saturday","18:16:41",false,3,3
"61085aa6c39f8529601a6150","Exit road","Van","Saturday","18:16:41",false,3,2
"61085aa6c39f8529601a6151","Enter Road","Van","Saturday","18:16:41",false,3,3
"61085aa6c39f8529601a6152","Exit Section","Van","Saturday","18:16:41",false,3,2
"61085aa7c39f8529601a6153","Enter Road","Private","Monday","20:59:06",true,4,4
"61085aa8c39f8529601a6154","Enter Section","Private","Monday","20:59:06",true,4,4
"61085aa9c39f8529601a6155","Enter Road","Private","Saturday","2:03:10",true,5,5
"61085aa9c39f8529601a6156","Exit Section","Private","Saturday","2:03:10",true,5,3
"61085aaac39f8529601a6157","Enter Section","Private","Monday","20:59:06",true,4,3
"61085aabc39f8529601a6158","Enter Road","Truck","Wednesday","10:51:00",false,3,3
"61085aabc39f8529601a6159","Enter Road","Van","Sunday","8:19:51",true,3,3
"61085aacc39f8529601a615a","Enter Road","Private","Monday","13:10:58",false,4,4
"61085aadc39f8529601a615b","Enter Section","Van","Sunday","8:19:51",true,3,3
"61085aadc39f8529601a615c","Enter Section","Private","Monday","13:10:58",false,4,4
"61085aadc39f8529601a615d","Enter Road","Truck","Friday","3:09:37",true,2,2
"61085aaec39f8529601a615e","Enter Section","Private","Sunday","14:04:59",true,3,3
"61085aafc39f8529601a615f","Enter Road","Private","Sunday","14:04:59",true,3,3
"61085aafc39f8529601a6160","Enter Road","Truck","Friday","2:31:57",false,3,3
"61085ab0c39f8529601a6161","Exit Section","Truck","Friday","2:31:57",false,3,3
"61085ab0c39f8529601a6162","Enter Road","Truck","Sunday","22:52:52",true,1,1
"61085ab0c39f8529601a6163","Enter Road","Truck","Thursday","10:09:53",true,1,1
"61085ab1c39f8529601a6164","Exit Section","Private","Monday","20:59:06",true,4,3
"61085ab2c39f8529601a6165","Exit road","Private","Monday","20:59:06",true,4,3
"61085ab3c39f8529601a6166","Enter Section","Private","Saturday","2:03:10",true,5,5
"61085ab3c39f8529601a6167","Enter Road","Van","Tuesday","17:49:19",true,4,4
"61085ab4c39f8529601a6168","Enter Road","Van","Sunday","10:14:34",true,2,2
"61085ab4c39f8529601a6169","Exit Section","Private","Monday","12:22:18",false,4,4
"61085ab5c39f8529601a616a","Enter Section","Private","Saturday","2:03:10",true,5,4
"61085ab6c39f8529601a616b","Exit Section","Private","Wednesday","19:22:43",false,5,5
"61085ab6c39f8529601a616c","Enter Section","Van","Tuesday","17:49:19",true,4,4
"61085ab6c39f8529601a616d","Enter Section","Truck","Friday","2:31:57",false,3,3
"61085ab8c39f8529601a616e","Enter Section","Truck","Friday","2:31:57",false,3,3
"61085ab8c39f8529601a616f","Enter Section","Private","Wednesday","4:57:50",false,2,2
"61085ab9c39f8529601a6170","Enter Section","Private","Monday","13:10:58",false,4,4
"61085abac39f8529601a6171","Exit road","Truck","Friday","2:31:57",false,3,3
"61085abcc39f8529601a6172","Enter Section","Van","Saturday","18:16:41",false,3,3
"61085abec39f8529601a6173","Enter Section","Truck","Monday","4:59:28",true,2,2
"61085abec39f8529601a6174","Enter Road","Van","Saturday","18:16:41",false,3,3
"61085abec39f8529601a6175","Enter Road","Private","Monday","12:22:18",false,4,4
"61085abfc39f8529601a6176","Exit Section","Private","Saturday","2:03:10",true,5,1
"61085abfc39f8529601a6177","Enter Section","Private","Wednesday","19:22:43",false,5,5
"61085abfc39f8529601a6179","Enter Section","Van","Thursday","19:12:48",true,5,5
"61085abfc39f8529601a6178","Exit Section","Truck","Wednesday","15:23:22",false,5,5
"61085c042f49a961b066410f","Enter Road","Van","Tuesday","4:45:43",true,4,4
"61085c042f49a961b0664110","Enter Road","Private","Sunday","19:54:15",true,3,3
"61085c052f49a961b0664111","Exit road","Van","Tuesday","4:45:43",true,4,3
"61085c052f49a961b0664112","Enter Section","Private","Sunday","19:54:15",true,3,3
"61085c052f49a961b0664113","Exit Section","Private","Sunday","19:54:15",true,3,3
"61085c062f49a961b0664114","Enter Road","Truck","Monday","9:30:01",false,2,2
"61085c072f49a961b0664115","Enter Section","Van","Tuesday","4:45:43",true,4,4
"61085c072f49a961b0664116","Exit Section","Van","Tuesday","4:45:43",true,4,3
"61085c072f49a961b0664117","Exit road","Private","Sunday","19:54:15",true,3,3
"61085c072f49a961b0664118","Enter Section","Truck","Monday","9:30:01",false,2,2
"61085c092f49a961b0664119","Enter Road","Van","Sunday","10:13:03",true,2,2
"61085c0c2f49a961b066411a","Enter Section","Truck","Tuesday","16:43:31",true,2,2
"61085c0d2f49a961b066411b","Exit road","Van","Sunday","10:13:03",true,2,2
"61085c0e2f49a961b066411c","Enter Road","Van","Tuesday","23:20:44",true,5,5
"61085c0f2f49a961b066411d","Enter Road","Truck","Sunday","1:07:53",true,3,3
"61085c102f49a961b066411e","Exit Section","Van","Monday","5:40:18",true,3,3
"61085c102f49a961b066411f","Exit road","Private","Sunday","19:54:15",true,3,3
"61085c102f49a961b0664120","Enter Section","Van","Tuesday","4:45:43",true,4,3
"61085c122f49a961b0664121","Enter Road","Van","Wednesday","4:13:32",true,2,2
"61085c122f49a961b0664122","Exit road","Van","Wednesday","4:13:32",true,2,1
"61085c142f49a961b0664123","Enter Section","Truck","Wednesday","2:58:50",false,4,4
"61085c152f49a961b0664124","Exit Section","Van","Monday","5:40:18",true,3,3
"61085c152f49a961b0664125","Enter Road","Van","Monday","5:40:18",true,3,3
"61085c152f49a961b0664126","Enter Section","Van","Tuesday","23:20:44",true,5,5
"61085c162f49a961b0664127","Enter Road","Truck","Monday","14:50:58",false,1,1
"61085c182f49a961b0664128","Enter Road","Van","Monday","5:40:18",true,3,3
"61085c3d9eb5a55b40d924bf","Enter Section","Truck","Friday","19:53:23",true,1,2
"61085c3d9eb5a55b40d924c0","Exit road","Truck","Friday","19:53:23",true,1,2
"61085c3d9eb5a55b40d924c1","Enter Road","Truck","Friday","19:53:23",true,1,1
"61085c3d9eb5a55b40d924c2","Exit Section","Truck","Friday","19:53:23",true,1,2
"61085c3d9eb5a55b40d924c3","Enter Section","Truck","Friday","19:53:23",true,1,1
"61085c3d9eb5a55b40d924c4","Enter Road","Truck","Thursday","10:32:52",true,1,1
"61085c3e9eb5a55b40d924c5","Enter Section","Truck","Tuesday","8:59:40",false,2,2
"61085c3e9eb5a55b40d924c6","Enter Road","Truck","Tuesday","8:59:40",false,2,2
"61085c409eb5a55b40d924c8","Exit road","Truck","Tuesday","8:59:40",false,2,2
"61085c409eb5a55b40d924c7","Exit Section","Truck","Tuesday","8:59:40",false,2,2
"61085c409eb5a55b40d924c9","Exit Section","Truck","Thursday","10:32:52",true,1,1
"61085c429eb5a55b40d924ca","Enter Road","Van","Saturday","9:00:45",true,1,1
"61085c439eb5a55b40d924cb","Enter Section","Truck","Sunday","7:38:41",true,5,5
"61085c439eb5a55b40d924cc","Exit Section","Truck","Friday","19:53:23",true,1,2
"61085c439eb5a55b40d924cd","Enter Road","Truck","Sunday","7:38:41",true,5,5
"61085c449eb5a55b40d924ce","Enter Section","Private","Tuesday","17:01:10",true,4,5
"61085c459eb5a55b40d924cf","Exit Section","Private","Tuesday","17:01:10",true,4,5
"61085c469eb5a55b40d924d0","Enter Section","Private","Saturday","12:48:07",false,3,3
"61085c499eb5a55b40d924d1","Exit Section","Truck","Sunday","7:38:41",true,5,4
"61085c4a9eb5a55b40d924d2","Enter Road","Private","Friday","6:58:22",true,2,2
"61085c4b9eb5a55b40d924d3","Exit Section","Van","Saturday","9:00:45",true,1,1
"61085c4c9eb5a55b40d924d4","Enter Section","Van","Tuesday","23:48:04",true,2,2
"61085c4d9eb5a55b40d924d5","Enter Road","Private","Saturday","12:48:07",false,3,3
"61085c4e9eb5a55b40d924d6","Enter Section","Van","Saturday","16:33:32",false,4,5
"61085c4f9eb5a55b40d924d7","Exit Section","Van","Sunday","6:56:47",true,3,3
"61085c509eb5a55b40d924d8","Enter Section","Private","Tuesday","14:58:34",true,4,3
"61085c509eb5a55b40d924d9","Exit road","Van","Saturday","20:42:00",true,2,2
"61085c519eb5a55b40d924da","Exit Section","Van","Wednesday","6:12:47",true,3,4
"61085c519eb5a55b40d924db","Exit road","Truck","Sunday","7:38:41",true,5,4
"61085c519eb5a55b40d924dc","Enter Section","Private","Saturday","12:48:07",false,3,2
"61085c529eb5a55b40d924dd","Exit road","Van","Saturday","9:00:45",true,1,1
"61085c539eb5a55b40d924de","Enter Section","Van","Tuesday","23:48:04",true,2,4
"61085c549eb5a55b40d924df","Exit road","Private","Tuesday","13:27:36",true,4,5
"61085c549eb5a55b40d924e0","Exit road","Truck","Tuesday","1:45:06",true,4,1
"61085c559eb5a55b40d924e1","Enter Road","Private","Tuesday","14:58:34",true,4,4
"61085c559eb5a55b40d924e2","Exit Section","Private","Friday","6:58:22",true,2,1
"61085c559eb5a55b40d924e3","Enter Section","Private","Tuesday","13:27:36",true,4,4
"61085c569eb5a55b40d924e4","Exit road","Truck","Sunday","13:54:23",true,4,4
"61085d2dd8a06160b47c05f1","Enter Section","Van","Sunday","3:05:23",true,5,5
"61085d2dd8a06160b47c05f2","Enter Road","Van","Sunday","3:05:23",true,5,5
"61085d2dd8a06160b47c05f3","Enter Section","Private","Sunday","9:58:09",true,5,5
"61085d2ed8a06160b47c05f4","Exit Section","Truck","Tuesday","10:04:03",true,5,5
"61085d2fd8a06160b47c05f5","Enter Road","Private","Saturday","11:46:08",false,4,4
"61085d30d8a06160b47c05f6","Enter Road","Truck","Sunday","16:50:17",true,2,2
"61085d31d8a06160b47c05f7","Exit Section","Truck","Wednesday","12:10:58",false,4,2
"61085d31d8a06160b47c05f8","Enter Section","Truck","Wednesday","12:10:58",false,4,3
"61085d32d8a06160b47c05f9","Exit road","Van","Sunday","3:05:23",true,5,5
"61085d33d8a06160b47c05fa","Exit road","Van","Sunday","3:05:23",true,5,5
"61085d34d8a06160b47c05fb","Exit Section","Truck","Monday","23:49:25",true,4,4
"61085d36d8a06160b47c05fc","Exit road","Truck","Monday","23:49:25",true,4,4
"61085d37d8a06160b47c05fd","Exit Section","Private","Saturday","9:26:47",false,3,2
"61085d37d8a06160b47c05fe","Enter Section","Truck","Sunday","16:50:17",true,2,3
"61085d38d8a06160b47c05ff","Enter Section","Truck","Friday","1:49:21",false,2,2
"61085d38d8a06160b47c0600","Exit road","Private","Sunday","9:58:09",true,5,5
"61085d3ad8a06160b47c0601","Exit road","Van","Sunday","0:00:19",true,3,3
"61085d3ad8a06160b47c0602","Exit road","Truck","Wednesday","12:10:58",false,4,2
"61085d3bd8a06160b47c0603","Exit road","Private","Tuesday","17:18:14",false,5,5
"61085e4bc3e3e3594cca35ce","Enter Section","Truck","Friday","6:55:07",true,1,1
"61085e4bc3e3e3594cca35cf","Enter Road","Truck","Friday","6:55:07",true,1,1
"61085e4bc3e3e3594cca35d0","Exit Section","Truck","Friday","6:55:07",true,1,1
"61085e4bc3e3e3594cca35d1","Exit road","Truck","Friday","6:55:07",true,1,1
"61085e4cc3e3e3594cca35d2","Enter Road","Private","Tuesday","6:38:54",true,2,2
"61085e4cc3e3e3594cca35d3","Exit Section","Private","Tuesday","6:38:54",true,2,2
"61085e4dc3e3e3594cca35d4","Enter Section","Van","Monday","3:08:11",false,5,5
"61085e4ec3e3e3594cca35d5","Enter Road","Van","Monday","3:08:11",false,5,5
"61085e4ec3e3e3594cca35d6","Exit Section","Van","Monday","3:08:11",false,5,5
"61085e4ec3e3e3594cca35d7","Exit road","Van","Monday","3:08:11",false,5,5
"61085e51c3e3e3594cca35d8","Enter Section","Truck","Sunday","0:08:54",false,2,2
"61085e51c3e3e3594cca35d9","Enter Section","Private","Wednesday","6:57:26",true,4,4
"61085e52c3e3e3594cca35da","Exit road","Private","Tuesday","6:38:54",true,2,2
"61085e52c3e3e3594cca35db","Enter Road","Truck","Sunday","0:08:54",false,2,2
"61085e52c3e3e3594cca35dc","Exit Section","Truck","Tuesday","0:54:30",false,4,3
"61085e53c3e3e3594cca35dd","Enter Section","Truck","Tuesday","0:54:30",false,4,4
"61085e57c3e3e3594cca35de","Exit road","Van","Tuesday","0:10:01",false,4,4
"61085e59c3e3e3594cca35df","Enter Section","Private","Sunday","19:18:41",false,2,2
"61085e59c3e3e3594cca35e0","Enter Road","Van","Wednesday","17:06:49",true,2,2
"61085e5ac3e3e3594cca35e1","Enter Section","Truck","Friday","6:55:07",true,1,1
"61085e5bc3e3e3594cca35e2","Enter Road","Private","Thursday","10:21:39",false,4,4
"61085e5bc3e3e3594cca35e3","Exit Section","Truck","Friday","6:55:07",true,1,2
"61085e5cc3e3e3594cca35e4","Enter Road","Truck","Sunday","4:02:07",true,1,1
"61085e5dc3e3e3594cca35e5","Enter Road","Truck","Sunday","4:02:07",true,1,1
"61085e5dc3e3e3594cca35e6","Exit road","Van","Friday","5:15:31",true,5,5
"61085e5dc3e3e3594cca35e7","Enter Section","Van","Wednesday","19:50:15",true,1,1
"61085e5ec3e3e3594cca35e8","Enter Road","Van","Wednesday","14:42:33",true,4,4
"61085e5ec3e3e3594cca35e9","Enter Road","Van","Tuesday","0:10:01",false,4,4
"61085f0d35b6096348269355","Enter Road","Van","Wednesday","23:43:23",false,5,5
"61085f0d35b6096348269356","Enter Section","Van","Wednesday","23:43:23",false,5,5
"61085f0d35b6096348269357","Enter Section","Van","Wednesday","23:43:23",false,5,4
"61085f0d35b6096348269358","Exit Section","Van","Wednesday","23:43:23",false,5,4
"61085f0d35b6096348269359","Exit road","Van","Wednesday","23:43:23",false,5,4
"61085f0d35b609634826935a","Enter Road","Private","Wednesday","7:39:12",true,3,3
"61085f0e35b609634826935b","Enter Road","Private","Friday","1:30:42",false,2,2
"61085f0f35b609634826935c","Enter Section","Private","Friday","1:30:42",false,2,3
"61085f0f35b609634826935d","Enter Section","Private","Friday","1:30:42",false,2,2
"61085f1035b609634826935e","Exit Section","Private","Wednesday","7:39:12",true,3,3
"61085f1035b609634826935f","Exit road","Private","Wednesday","7:39:12",true,3,3
"61085f1035b6096348269360","Enter Section","Private","Wednesday","7:39:12",true,3,3
"61085f1135b6096348269361","Enter Road","Truck","Tuesday","0:13:59",false,3,3
"61085f1135b6096348269362","Enter Road","Private","Tuesday","6:23:31",false,3,3
"61085f1435b6096348269363","Enter Section","Van","Tuesday","22:25:59",false,1,1
"61085f1435b6096348269364","Enter Section","Private","Tuesday","6:23:31",false,3,3
"61085f1435b6096348269365","Enter Section","Private","Wednesday","7:39:12",true,3,3
"61085f1535b6096348269366","Enter Road","Van","Wednesday","6:18:25",true,1,1
"61085f1535b6096348269367","Exit road","Van","Wednesday","6:18:25",true,1,1
"61085f1535b6096348269368","Exit Section","Van","Tuesday","22:25:59",false,1,1
"61085f1635b6096348269369","Enter Section","Private","Thursday","21:43:43",false,5,5
"61085f1635b609634826936a","Enter Road","Van","Tuesday","22:25:59",false,1,1
"61085f1735b609634826936b","Enter Road","Truck","Saturday","3:22:23",false,5,5
"61085f1735b609634826936c","Exit Section","Van","Wednesday","6:18:25",true,1,1
"61085f1835b609634826936d","Enter Section","Private","Thursday","21:43:43",false,5,5
"61085f1935b609634826936e","Enter Road","Private","Saturday","8:17:00",false,5,5
"61085f1a35b609634826936f","Exit Section","Private","Sunday","3:29:58",true,3,3
"61085f1b35b6096348269370","Exit road","Truck","Saturday","3:22:23",false,5,5
"61085f1b35b6096348269371","Enter Section","Truck","Friday","1:11:25",false,4,5
"61085f1c35b6096348269372","Exit Section","Private","Saturday","8:17:00",false,5,5
"61085f1c35b6096348269373","Enter Section","Van","Monday","3:11:36",true,4,4
"61085f1c35b6096348269374","Enter Road","Van","Monday","3:11:36",true,4,4
"61085f1e35b6096348269375","Enter Road","Van","Monday","21:59:23",true,4,4
"61085f1e35b6096348269376","Exit Section","Van","Wednesday","23:43:23",false,5,4
"61085f2035b6096348269377","Enter Section","Van","Monday","21:59:23",true,4,5
"61085f2335b6096348269378","Enter Section","Private","Thursday","21:43:43",false,5,4
"61085f2335b6096348269379","Exit road","Truck","Friday","20:34:05",true,4,3
"61085f2535b609634826937a","Enter Road","Truck","Saturday","10:23:18",true,2,2
"61085f2535b609634826937b","Exit road","Private","Wednesday","7:39:12",true,3,3
"61085f2635b609634826937c","Enter Section","Private","Sunday","7:34:46",false,2,2
"61085f2635b609634826937d","Exit Section","Truck","Saturday","10:23:18",true,2,3
"61085f2635b609634826937e","Exit Section","Van","Tuesday","22:25:59",false,1,1
"61085f2735b609634826937f","Enter Section","Private","Saturday","8:17:00",false,5,5
"61085f8a5e98df2018037fc7","Enter Section","Van","Thursday","18:26:04",true,1,1
"61085f8a5e98df2018037fc8","Exit road","Van","Thursday","18:26:04",true,1,1
"61085f8a5e98df2018037fc9","Enter Road","Van","Thursday","18:26:04",true,1,1
"61085f8a5e98df2018037fcb","Exit Section","Private","Monday","4:16:58",true,4,4
"61085f8a5e98df2018037fca","Enter Road","Private","Monday","4:16:58",true,4,4
"61085f8a5e98df2018037fcc","Enter Section","Private","Monday","4:16:58",true,4,4
"61085f8b5e98df2018037fcd","Exit Section","Van","Thursday","18:26:04",true,1,1
"61085f8b5e98df2018037fcf","Enter Section","Truck","Friday","4:05:54",true,3,3
"61085f8b5e98df2018037fce","Enter Road","Truck","Friday","4:05:54",true,3,3
"61085f8c5e98df2018037fd0","Enter Section","Truck","Friday","4:05:54",true,3,2
"61085f8c5e98df2018037fd1","Exit road","Truck","Friday","4:05:54",true,3,2
"61085f8d5e98df2018037fd2","Exit road","Private","Monday","4:16:58",true,4,4
"61085f8e5e98df2018037fd3","Exit Section","Truck","Friday","4:05:54",true,3,2
"61085f8e5e98df2018037fd4","Enter Road","Van","Thursday","0:41:48",false,5,5
"61085f905e98df2018037fd5","Enter Section","Van","Thursday","0:41:48",false,5,5
"61085f915e98df2018037fd6","Exit Section","Van","Thursday","18:26:04",true,1,1
"61085f915e98df2018037fd7","Exit Section","Private","Sunday","3:12:03",true,5,5
"61085f925e98df2018037fd8","Exit Section","Private","Saturday","0:23:13",true,4,4
"61085f935e98df2018037fd9","Exit road","Private","Sunday","3:12:03",true,5,5
"61085f945e98df2018037fda","Enter Road","Van","Saturday","10:19:15",false,2,2
"61085f945e98df2018037fdb","Exit Section","Private","Saturday","0:23:13",true,4,4
"61085f965e98df2018037fdc","Enter Section","Truck","Tuesday","9:49:02",true,1,1
"61085f985e98df2018037fdd","Enter Road","Truck","Sunday","2:01:06",false,2,2
"61085f985e98df2018037fde","Enter Section","Private","Sunday","3:12:03",true,5,5
"61085fa1d513de5a9095c872","Enter Road","Private","Saturday","22:45:27",true,1,1
"61085fa1d513de5a9095c873","Enter Section","Private","Saturday","22:45:27",true,1,2
"61085fa1d513de5a9095c874","Enter Section","Private","Saturday","22:45:27",true,1,1
"61085fa1d513de5a9095c875","Exit Section","Private","Saturday","22:45:27",true,1,2
"61085fa2d513de5a9095c876","Exit Section","Van","Monday","18:04:07",false,3,5
"61085fa2d513de5a9095c877","Exit road","Van","Monday","18:04:07",false,3,5
"61085fa3d513de5a9095c878","Enter Section","Private","Monday","19:05:40",true,1,1
"61085fa3d513de5a9095c879","Enter Road","Private","Monday","19:05:40",true,1,1
"61085fa3d513de5a9095c87a","Exit Section","Private","Monday","19:05:40",true,1,2
"61085fa3d513de5a9095c87b","Enter Road","Private","Monday","23:39:08",true,4,4
"61085fa4d513de5a9095c87c","Enter Road","Van","Tuesday","10:49:15",false,2,2
"61085fa4d513de5a9095c87d","Enter Section","Private","Monday","23:39:08",true,4,4
"61085fa5d513de5a9095c87e","Exit Section","Van","Saturday","16:40:32",true,3,3
"61085fa7d513de5a9095c87f","Exit road","Truck","Sunday","22:39:22",true,1,1
"61085fa7d513de5a9095c880","Exit road","Van","Saturday","16:40:32",true,3,3
"61085fcb1e05065c78d3fa19","Exit road","Van","Wednesday","14:42:45",false,1,1
"61085fcc1e05065c78d3fa1a","Exit road","Private","Friday","9:00:58",true,4,4
"61085fcc1e05065c78d3fa1b","Enter Section","Private","Friday","9:00:58",true,4,5
"61085fce1e05065c78d3fa1c","Enter Road","Van","Monday","13:28:36",false,4,4
"61085fce1e05065c78d3fa1d","Enter Road","Van","Saturday","18:53:32",true,3,3
"61085fcf1e05065c78d3fa1e","Enter Section","Van","Monday","13:28:36",false,4,4
"61085fcf1e05065c78d3fa1f","Enter Section","Private","Thursday","18:20:43",false,2,2
"61085fd01e05065c78d3fa21","Enter Section","Van","Saturday","18:53:32",true,3,2
"61085fd01e05065c78d3fa20","Exit road","Private","Thursday","18:20:43",false,2,2
"61085fd01e05065c78d3fa22","Enter Section","Van","Saturday","18:53:32",true,3,3
"61085fd01e05065c78d3fa23","Enter Section","Van","Wednesday","14:42:45",false,1,1
"61085fd11e05065c78d3fa24","Enter Section","Van","Monday","12:58:19",false,4,4
"61085fd21e05065c78d3fa25","Exit road","Van","Monday","12:58:19",false,4,4
"61085fd21e05065c78d3fa26","Enter Section","Van","Monday","12:58:19",false,4,4
"61085fd31e05065c78d3fa27","Enter Section","Truck","Sunday","20:51:40",false,4,4
"61085fd41e05065c78d3fa28","Enter Section","Van","Tuesday","9:04:59",false,1,1
"61085fd41e05065c78d3fa29","Enter Section","Van","Tuesday","9:04:59",false,1,1
"61085fd51e05065c78d3fa2a","Enter Road","Private","Tuesday","21:48:38",true,1,1
"61085fd81e05065c78d3fa2b","Enter Section","Van","Monday","13:28:36",false,4,4
"61085fd81e05065c78d3fa2c","Exit road","Private","Sunday","2:28:06",true,3,3
"61085fd81e05065c78d3fa2d","Exit road","Private","Friday","9:00:58",true,4,4
"61085fd91e05065c78d3fa2e","Exit Section","Van","Sunday","14:26:25",true,1,2
"61085fd91e05065c78d3fa2f","Enter Section","Van","Wednesday","14:42:45",false,1,1
"61085fdb1e05065c78d3fa30","Exit road","Van","Tuesday","9:04:59",false,1,1
"61085fdc1e05065c78d3fa31","Enter Road","Private","Friday","9:00:58",true,4,4
"61085fde1e05065c78d3fa32","Enter Road","Private","Sunday","2:28:06",true,3,3
"61085fde1e05065c78d3fa33","Enter Road","Van","Monday","12:58:19",false,4,4
"61085fdf1e05065c78d3fa34","Exit Section","Van","Sunday","14:26:25",true,1,1
"61085fe01e05065c78d3fa35","Enter Road","Truck","Thursday","6:24:15",false,1,1
"61085fe11e05065c78d3fa36","Exit road","Private","Wednesday","21:41:21",true,1,1
"61085fe31e05065c78d3fa37","Enter Section","Van","Sunday","14:26:25",true,1,3
"6108de7d7df76457883aef7d","Enter Section","Private","Monday","13:03:32",true,1,1
"6108de7d7df76457883aef7e","Enter Road","Private","Monday","13:03:32",true,1,1
"6108de7d7df76457883aef81","Enter Road","Truck","Sunday","20:07:20",true,3,3
"6108de7d7df76457883aef80","Exit road","Private","Monday","13:03:32",true,1,1
"6108de7d7df76457883aef7f","Exit Section","Private","Monday","13:03:32",true,1,1
"6108de7d7df76457883aef82","Enter Road","Private","Friday","14:12:22",true,4,4
"6108de7d7df76457883aef83","Enter Section","Private","Friday","14:12:22",true,4,4
"6108de7e7df76457883aef84","Enter Road","Van","Friday","18:13:15",false,2,2
"6108de7e7df76457883aef85","Enter Section","Van","Friday","18:13:15",false,2,2
"6108de837df76457883aef86","Enter Road","Private","Tuesday","5:40:26",true,3,3
"6108debc7a7d031f9067724d","Enter Road","Truck","Tuesday","15:38:09",false,2,2
"6108debc7a7d031f9067724e","Enter Section","Truck","Tuesday","15:38:09",false,2,2
"6108debc7a7d031f9067724f","Exit road","Truck","Tuesday","15:38:09",false,2,3
"6108debc7a7d031f90677250","Exit Section","Truck","Tuesday","15:38:09",false,2,3
"6108debc7a7d031f90677251","Enter Section","Truck","Tuesday","15:38:09",false,2,3
"6108debe7a7d031f90677252","Enter Road","Van","Wednesday","6:12:17",false,4,4
"6108df292dc58f19144a4ebe","Enter Road","Truck","Thursday","23:23:26",true,3,3
"6108df292dc58f19144a4ebf","Enter Section","Truck","Thursday","23:23:26",true,3,2
"6108df292dc58f19144a4ec0","Enter Section","Truck","Thursday","23:23:26",true,3,3
"6108df292dc58f19144a4ec1","Enter Section","Truck","Thursday","23:23:26",true,3,3
"6108df292dc58f19144a4ec2","Enter Road","Private","Thursday","14:45:34",true,1,1
"6108df2a2dc58f19144a4ec3","Exit Section","Truck","Thursday","23:23:26",true,3,1
"6108df2a2dc58f19144a4ec4","Exit Section","Truck","Thursday","23:23:26",true,3,2
"6108df2a2dc58f19144a4ec6","Enter Road","Private","Friday","13:11:00",true,2,2
"6108df2a2dc58f19144a4ec5","Enter Section","Private","Thursday","14:45:34",true,1,1
"6108df2c2dc58f19144a4ec7","Enter Section","Private","Friday","13:11:00",true,2,2
"6108df2c2dc58f19144a4ec8","Enter Road","Van","Thursday","9:06:01",true,3,3
"6108df2c2dc58f19144a4ec9","Enter Road","Van","Friday","17:37:23",false,2,2
"6108df2d2dc58f19144a4eca","Exit Section","Private","Friday","13:11:00",true,2,2
"6108df2d2dc58f19144a4ecb","Enter Section","Van","Friday","17:37:23",false,2,2
"6108df420966e257e8ab94de","Exit road","Truck","Saturday","0:39:02",true,4,4
"6108df420966e257e8ab94df","Exit Section","Truck","Saturday","0:39:02",true,4,4
"6108df420966e257e8ab94e0","Enter Road","Truck","Saturday","0:39:02",true,4,4
"6108df420966e257e8ab94e1","Enter Section","Truck","Saturday","0:39:02",true,4,4
"6108df430966e257e8ab94e2","Enter Section","Private","Monday","15:13:56",true,3,3
"6108df430966e257e8ab94e3","Enter Section","Private","Monday","15:13:56",true,3,2
"6108df430966e257e8ab94e4","Enter Section","Truck","Monday","14:45:12",true,3,3
"6108df440966e257e8ab94e5","Enter Road","Private","Monday","15:13:56",true,3,3
"6108df440966e257e8ab94e7","Enter Section","Truck","Monday","14:45:12",true,3,4
"6108df440966e257e8ab94e6","Enter Section","Private","Wednesday","7:15:38",true,1,1
"6108df450966e257e8ab94e8","Enter Road","Private","Wednesday","9:24:27",true,5,5
"6108df460966e257e8ab94e9","Enter Road","Private","Saturday","14:19:28",false,3,3
"6108df470966e257e8ab94ea","Enter Road","Truck","Monday","14:45:12",true,3,3
"6108df470966e257e8ab94eb","Enter Road","Truck","Wednesday","20:09:29",false,5,5
"6108df470966e257e8ab94ec","Enter Section","Truck","Wednesday","20:09:29",false,5,5
"6108df480966e257e8ab94ed","Enter Section","Private","Wednesday","9:24:27",true,5,4
"6108df480966e257e8ab94ee","Enter Section","Private","Wednesday","9:24:27",true,5,5
"6108df490966e257e8ab94ef","Exit Section","Private","Monday","15:13:56",true,3,2
"6108df4a0966e257e8ab94f0","Exit Section","Truck","Monday","14:45:12",true,3,4
"6108df4b0966e257e8ab94f1","Enter Road","Private","Wednesday","7:15:38",true,1,1
"6108e114fd83d32f386d8e0b","Enter Road","Truck","Wednesday","14:00:24",false,4,4
"6108e114fd83d32f386d8e0c","Enter Section","Truck","Wednesday","14:00:24",false,4,3
"6108e114fd83d32f386d8e0d","Exit Section","Truck","Wednesday","14:00:24",false,4,3
"6108e115fd83d32f386d8e0e","Enter Section","Truck","Wednesday","14:00:24",false,4,4
"6108e115fd83d32f386d8e0f","Exit road","Truck","Wednesday","14:00:24",false,4,3
"6108e13b9b1f9e1dd07cda09","Exit road","Private","Thursday","22:08:38",true,5,5
"6108e13b9b1f9e1dd07cda0a","Enter Section","Private","Thursday","22:08:38",true,5,5
"6108e13b9b1f9e1dd07cda0b","Enter Road","Private","Thursday","22:08:38",true,5,5
"6108e13b9b1f9e1dd07cda0c","Enter Road","Van","Wednesday","4:47:16",false,4,4
"6108e13b9b1f9e1dd07cda0d","Enter Section","Van","Wednesday","4:47:16",false,4,4
"6108e13c9b1f9e1dd07cda0e","Enter Road","Truck","Wednesday","0:22:59",true,2,2
"6108e13c9b1f9e1dd07cda0f","Enter Section","Truck","Wednesday","0:22:59",true,2,2
"6108e13d9b1f9e1dd07cda10","Enter Road","Private","Tuesday","11:41:35",true,5,5
"6108e13d9b1f9e1dd07cda11","Enter Section","Private","Tuesday","11:41:35",true,5,5
"6108e13d9b1f9e1dd07cda12","Enter Section","Truck","Wednesday","0:22:59",true,2,3
"6108e13e9b1f9e1dd07cda13","Enter Road","Private","Sunday","4:28:21",false,2,2
"6108e13e9b1f9e1dd07cda14","Enter Section","Private","Sunday","4:28:21",false,2,2
"6108e13f9b1f9e1dd07cda15","Exit Section","Private","Sunday","4:28:21",false,2,2
"6108e13f9b1f9e1dd07cda16","Enter Road","Private","Thursday","20:51:19",true,5,5
"6108e1419b1f9e1dd07cda17","Exit Section","Private","Thursday","20:51:19",true,5,5
"6108e1419b1f9e1dd07cda18","Enter Section","Private","Thursday","20:51:19",true,5,5
"6108e1429b1f9e1dd07cda19","Enter Road","Van","Saturday","20:57:54",true,4,4
"6108e1429b1f9e1dd07cda1a","Enter Section","Van","Saturday","20:57:54",true,4,4
"6108e17a62334b3cd84f7e64","Enter Road","Van","Wednesday","8:24:11",false,4,4
"6108e17a62334b3cd84f7e65","Exit Section","Van","Wednesday","8:24:11",false,4,3
"6108e17a62334b3cd84f7e66","Enter Section","Van","Wednesday","8:24:11",false,4,3
"6108e17a62334b3cd84f7e67","Exit road","Van","Wednesday","8:24:11",false,4,3
"6108e17a62334b3cd84f7e68","Enter Section","Van","Wednesday","8:24:11",false,4,4
"6108e17b62334b3cd84f7e69","Enter Road","Truck","Sunday","2:30:17",false,2,2
"6108e17b62334b3cd84f7e6a","Enter Road","Truck","Saturday","8:26:05",false,1,1
"6108e17c62334b3cd84f7e6b","Enter Section","Truck","Saturday","8:26:05",false,1,1
"6108e17d62334b3cd84f7e6c","Exit Section","Truck","Saturday","8:26:05",false,1,1
"6108e17e62334b3cd84f7e6d","Enter Section","Truck","Sunday","2:30:17",false,2,2
"6108e17e62334b3cd84f7e6e","Exit road","Truck","Sunday","2:30:17",false,2,2
"6108e17e62334b3cd84f7e6f","Exit Section","Truck","Sunday","2:30:17",false,2,2
"6108e17e62334b3cd84f7e70","Enter Road","Truck","Thursday","12:36:14",true,1,1
"6108e17e62334b3cd84f7e71","Exit road","Truck","Saturday","8:26:05",false,1,1
"6108e17e62334b3cd84f7e72","Enter Road","Van","Thursday","14:08:39",true,2,2
"6108e18462334b3cd84f7e73","Enter Road","Private","Monday","2:05:40",true,4,4
"6108e18462334b3cd84f7e74","Enter Section","Private","Monday","2:05:40",true,4,4
"6108e18562334b3cd84f7e75","Enter Section","Van","Thursday","14:08:39",true,2,3
"6108e19f63984d146cc7943e","Enter Section","Private","Friday","9:41:17",false,2,2
"6108e19f63984d146cc7943f","Exit road","Private","Friday","9:41:17",false,2,2
"6108e19f63984d146cc79440","Enter Road","Private","Friday","9:41:17",false,2,2
"6108e19f63984d146cc79441","Exit Section","Private","Friday","9:41:17",false,2,2
"6108e1a063984d146cc79442","Enter Road","Private","Thursday","0:35:35",false,3,3
"6108e1a063984d146cc79443","Exit Section","Private","Thursday","0:35:35",false,3,3
"6108e1a063984d146cc79444","Enter Section","Private","Thursday","0:35:35",false,3,3
"6108e1a163984d146cc79445","Enter Road","Van","Wednesday","11:08:03",true,1,1
"6108e1a163984d146cc79446","Enter Section","Van","Wednesday","11:08:03",true,1,1
"6108e1a263984d146cc79447","Enter Road","Private","Tuesday","0:16:54",false,2,2
"6108e1a263984d146cc79448","Exit road","Private","Thursday","0:35:35",false,3,3
"6108e1a363984d146cc79449","Enter Section","Private","Tuesday","0:16:54",false,2,2
"6108e1a363984d146cc7944a","Enter Section","Private","Tuesday","0:16:54",false,2,1
"6108e1a463984d146cc7944b","Enter Road","Truck","Thursday","23:08:09",false,3,3
"6108e1a463984d146cc7944c","Exit road","Van","Wednesday","11:08:03",true,1,1
"6108e1a563984d146cc7944d","Exit road","Private","Tuesday","0:16:54",false,2,1
"6108e1a563984d146cc7944e","Exit Section","Private","Tuesday","0:16:54",false,2,1
"6108e1a663984d146cc7944f","Enter Section","Truck","Thursday","23:08:09",false,3,3
"6108e4f7dad02b11dca91962","Enter Road","Van","Tuesday","9:18:44",true,2,2
"6108e4f7dad02b11dca91963","Enter Section","Van","Tuesday","9:18:44",true,2,2
"6108e4f7dad02b11dca91964","Exit Section","Van","Tuesday","9:18:44",true,2,2
"6108e4f8dad02b11dca91965","Exit road","Van","Tuesday","9:18:44",true,2,2
"6108e4f9dad02b11dca91966","Enter Section","Van","Monday","4:41:41",true,3,3
"6108e4f9dad02b11dca91967","Enter Road","Van","Monday","4:41:41",true,3,3
"6108e4fbdad02b11dca91968","Exit Section","Van","Monday","4:41:41",true,3,3
"6108e4fbdad02b11dca91969","Exit road","Van","Monday","4:41:41",true,3,3
"6108e4fbdad02b11dca9196b","Enter Road","Private","Thursday","9:38:21",true,5,5
"6108e4fbdad02b11dca9196a","Exit road","Private","Thursday","9:38:21",true,5,5
"6108e4fbdad02b11dca9196c","Enter Section","Private","Thursday","9:38:21",true,5,5
"6108e4fbdad02b11dca9196d","Enter Road","Truck","Wednesday","12:53:20",false,4,4
"6108e4fbdad02b11dca9196e","Enter Section","Truck","Wednesday","12:53:20",false,4,4
"6108e4fbdad02b11dca9196f","Enter Section","Truck","Wednesday","12:53:20",false,4,5
"6108e4fcdad02b11dca91970","Enter Section","Private","Friday","14:27:39",true,1,1
"6108e4fcdad02b11dca91971","Enter Road","Van","Tuesday","23:42:54",false,3,3
"6108e4fcdad02b11dca91972","Enter Road","Private","Friday","14:27:39",true,1,1
"6108e4fedad02b11dca91973","Exit Section","Truck","Wednesday","12:53:20",false,4,5
"6108e4fedad02b11dca91974","Exit Section","Private","Friday","14:27:39",true,1,1
"6108e502dad02b11dca91975","Exit road","Truck","Wednesday","12:53:20",false,4,5
"6108e533c77efe550834ae8b","Enter Road","Private","Sunday","13:22:46",true,3,3
"6108e533c77efe550834ae8c","Enter Section","Private","Sunday","13:22:46",true,3,2
"6108e533c77efe550834ae8e","Exit Section","Private","Sunday","13:22:46",true,3,2
"6108e533c77efe550834ae8d","Enter Section","Private","Sunday","13:22:46",true,3,1
"6108e534c77efe550834ae8f","Enter Section","Private","Sunday","13:22:46",true,3,3
"6108e535c77efe550834ae90","Exit Section","Van","Wednesday","14:19:14",false,5,5
"6108e536c77efe550834ae91","Enter Section","Truck","Sunday","14:22:55",true,4,4
"6108e536c77efe550834ae92","Exit Section","Truck","Sunday","14:22:55",true,4,4
"6108e536c77efe550834ae93","Enter Road","Private","Sunday","12:11:58",true,1,1
"6108e536c77efe550834ae94","Enter Section","Truck","Tuesday","23:29:06",false,4,4
"6108e536c77efe550834ae95","Enter Road","Truck","Tuesday","23:29:06",false,4,4
"6108e536c77efe550834ae96","Enter Section","Private","Sunday","12:11:58",true,1,1
"6108e538c77efe550834ae97","Enter Section","Truck","Tuesday","23:29:06",false,4,5
"6108e6440a57123084450f0a","Enter Road","Private","Wednesday","8:39:51",false,5,5
"6108e6440a57123084450f0b","Enter Section","Private","Wednesday","8:39:51",false,5,5
"6108e6440a57123084450f0c","Enter Section","Private","Wednesday","8:39:51",false,5,4
"6108e6440a57123084450f0d","Exit Section","Private","Wednesday","8:39:51",false,5,5
"6108e6440a57123084450f0e","Exit Section","Private","Wednesday","8:39:51",false,5,4